{
    "mean": {
        "mae": 1847.029770099353,
        "rmae": 0.05665114712991924
    },
    "std": {
        "mae": 1039.7050710763272,
        "rmae": 0.031054135952544908
    }
}