{
    "mean": {
        "mae": 3566.1919844615177,
        "rmae": 0.111186780385759
    },
    "std": {
        "mae": 1991.7511613637175,
        "rmae": 0.05680477161562253
    }
}