{
    "mean": {
        "mae": 2018.099315068493,
        "rmae": 0.06254595297996497
    },
    "std": {
        "mae": 798.5839371574409,
        "rmae": 0.023529300267223194
    }
}