{
    "mean": {
        "mae": 2834.564871027411,
        "rmae": 0.08836344812956827
    },
    "std": {
        "mae": 884.4538925606419,
        "rmae": 0.026204591750713283
    }
}